{
  "people": [
    { "born": "1888", "died": "1970", "id": "paresh", "name": "Paresh Chandra Gupta", "photo": "/static/uploads/gupta/paresh.png" },
    { "born": "1904", "died": "1999", "id": "nilima", "name": "Nilima Gupta", "photo": "/static/uploads/gupta/nilima.png" },

    { "born": "1928", "died": "2015", "id": "prosun", "name": "Prosun Gupta", "photo": "/static/uploads/gupta/prosun.png" },
    { "born": "1936", "died": "2019", "id": "dipali", "name": "Dipali Gupta", "photo": "/static/uploads/gupta/dipali.png" },

    { "born": "1956", "id": "indranil", "name": "Indranil Gupta", "photo": "/static/uploads/gupta/indranil.png" },
    { "born": "1962", "id": "sharmistha", "name": "Sharmistha Gupta", "photo": "/static/uploads/gupta/sharmistha.png" },

    { "born": "1960", "id": "rumjhum", "name": "Rumjhum Chatterjee", "photo": "/static/uploads/gupta/rumjhum.png" },
    { "born": "1958", "id": "vinayak", "name": "Vinayak Chatterjee", "photo": "/static/uploads/gupta/vinayak.png" },

    { "born": "1967", "id": "indrajit", "name": "Indrajit Gupta", "photo": "/static/uploads/gupta/indrajit.png" },
    { "born": "1969", "id": "nanda", "name": "Nanda Majumdar", "photo": "/static/uploads/gupta/nanda.png" },

    { "born": "1988", "id": "rohini", "name": "Rohini Runfola", "photo": "/static/uploads/gupta/rohini.png" },
    { "born": "1987", "id": "frank", "name": "Frank Runfola", "photo": "/static/uploads/gupta/frank.png" },

    { "born": "2016", "id": "caleb", "name": "Caleb Runfola", "photo": "/static/uploads/gupta/caleb.png" },
    { "born": "2018", "id": "adalina", "name": "Adalina Runfola", "photo": "/static/uploads/gupta/adalina.png" },

    { "born": "1986", "id": "nayantara", "name": "Nayantara Kochhar", "photo": "/static/uploads/gupta/nayantara.png" },
    { "born": "1984", "id": "shailesh", "name": "Shailesh Kochhar", "photo": "/static/uploads/gupta/shailesh.png" },

    { "born": "2022", "id": "maahir", "name": "Maahir Kochhar", "photo": "/static/uploads/gupta/maahir.png" },

    { "born": "2001", "id": "atreyee", "name": "Atreyee Gupta", "photo": "/static/uploads/gupta/atreyee.png" },
    { "born": "2005", "id": "auroni", "name": "Auroni Gupta", "photo": "/static/uploads/gupta/auroni.png" }
  ],
  "relationships": [
    { "type": "spouse", "a": "paresh", "b": "nilima" },
    { "type": "spouse", "a": "prosun", "b": "dipali" },
    { "type": "spouse", "a": "indranil", "b": "sharmistha" },
    { "type": "spouse", "a": "rumjhum", "b": "vinayak" },
    { "type": "spouse", "a": "indrajit", "b": "nanda" },
    { "type": "spouse", "a": "rohini", "b": "frank" },
    { "type": "spouse", "a": "nayantara", "b": "shailesh" },

    { "child": "prosun", "parent": "paresh" },
    { "child": "prosun", "parent": "nilima" },

    { "child": "indranil", "parent": "prosun" },
    { "child": "indranil", "parent": "dipali" },

    { "child": "rumjhum", "parent": "prosun" },
    { "child": "rumjhum", "parent": "dipali" },

    { "child": "indrajit", "parent": "prosun" },
    { "child": "indrajit", "parent": "dipali" },

    { "child": "rohini", "parent": "indranil" },
    { "child": "rohini", "parent": "sharmistha" },

    { "child": "nayantara", "parent": "rumjhum" },
    { "child": "nayantara", "parent": "vinayak" },

    { "child": "atreyee", "parent": "indrajit" },
    { "child": "atreyee", "parent": "nanda" },

    { "child": "auroni", "parent": "indrajit" },
    { "child": "auroni", "parent": "nanda" },

    { "child": "caleb", "parent": "rohini" },
    { "child": "caleb", "parent": "frank" },

    { "child": "adalina", "parent": "rohini" },
    { "child": "adalina", "parent": "frank" },

    { "child": "maahir", "parent": "nayantara" },
    { "child": "maahir", "parent": "shailesh" }
  ]
}
