{
"people": [
    {"born":"242 AC","id":"tywin","name":"Tywin Lannister","photo":"/static/uploads/lannister/tywin.png"},
    {"born":"245 AC","died":"273 AC","id":"joanna","name":"Joanna Lannister","photo":"/static/uploads/lannister/joanna.png"},
    {"born":"266 AC","id":"cersei","name":"Cersei Lannister","photo":"/static/uploads/lannister/cersei.png"},
    {"born":"266 AC","id":"jaime","name":"Jaime Lannister","photo":"/static/uploads/lannister/jaime.png"},
    {"born":"273 AC","id":"tyrion","name":"Tyrion Lannister","photo":"/static/uploads/lannister/tyrion.png"},
    {"born":"286 AC","died":"300 AC","id":"joffrey","name":"Joffrey Baratheon","photo":"/static/uploads/lannister/joffrey.png"},
    {"born":"290 AC","died":"300 AC","id":"myrcella","name":"Myrcella Baratheon","photo":"/static/uploads/lannister/myrcella.png"},
    {"born":"291 AC","died":"303 AC","id":"tommen","name":"Tommen Baratheon","photo":"/static/uploads/lannister/tommen.png"},
    {"born":"285 AC","id":"sansa","name":"Sansa Stark","photo":"/static/uploads/stark/sansa.png"},
    {"born":"250 AC","died":"298 AC","id":"eddard","name":"Eddard Stark","photo":"/static/uploads/stark/eddard.png"},
    {"born":"250 AC","died":"300 AC","id":"catelyn","name":"Catelyn Stark","photo":"/static/uploads/stark/catelyn.png"},
    {"born":"281 AC","died":"300 AC","id":"rob","name":"Robb Stark","photo":"/static/uploads/stark/robb.png"},
    {"born":"287 AC","died":"300 AC","id":"arya","name":"Arya Stark","photo":"/static/uploads/stark/arya.png"},
    {"born":"288 AC","died":"","id":"bran","name":"Bran Stark","photo":"/static/uploads/stark/bran.png"},
    {"born":"292 AC","died":"","id":"rickon","name":"Rickon Stark","photo":"/static/uploads/stark/rickon.png"}    

  ],
  "relationships": [
    {"child":"cersei","parent":"tywin"},
    {"child":"jaime","parent":"tywin"},
    {"child":"tyrion","parent":"tywin"},
    {"child":"cersei","parent":"joanna"},
    {"child":"jaime","parent":"joanna"},
    {"child":"tyrion","parent":"joanna"},
    {"child":"joffrey","parent":"cersei"},
    {"child":"myrcella","parent":"cersei"},
    {"child":"tommen","parent":"cersei"},

    {"type":"spouse","a":"tyrion","b":"sansa"},
    {"type":"spouse","a":"catelyn","b":"eddard"},
    {"child":"sansa","parent":"catelyn"},
    {"child":"sansa","parent":"eddard"},
    {"child":"rob","parent":"catelyn"},
    {"child":"rob","parent":"eddard"},    
    {"child":"arya","parent":"catelyn"},
    {"child":"arya","parent":"eddard"},
    {"child":"bran","parent":"catelyn"},
    {"child":"bran","parent":"eddard"},
    {"child":"rickon","parent":"catelyn"},
    {"child":"rickon","parent":"eddard"}
  ]
}